z,n,year
1,0,1918
2,0,1936
1,1,1932
2,1,1934
3,1,1965
1,2,1934
2,2,1908
3,2,1941
4,2,1958
5,2,1967
6,2,1974
7,2,2023
1,3,1981
2,3,1937
3,3,1921
4,3,1938
5,3,1950
6,3,1964
7,3,2002
8,3,2019
1,4,2001
2,4,1936
3,4,1921
4,4,1932
5,4,1940
6,4,1949
7,4,1974
8,4,1978
9,4,2021
1,5,1984
2,5,1967
3,5,1935
4,5,1921
5,5,1920
6,5,1934
7,5,1949
8,5,1965
9,5,2010
10,5,2014
1,6,2003
2,6,1965
3,6,1951
4,6,1935
5,6,1920
6,6,1919
7,6,1934
8,6,1949
9,6,1978
10,6,1977
11,6,2017
12,6,2021
2,7,1987
3,7,1975
4,7,1958
5,7,1935
6,7,1929
7,7,1920
8,7,1934
9,7,1964
10,7,1964
11,7,2004
12,7,2007
2,8,1994
3,8,1966
4,8,1966
5,8,1956
6,8,1936
7,8,1929
8,8,1918
9,8,1934
10,8,1954
11,8,1969
12,8,1974
13,8,2024
14,8,1987
3,9,2010
4,9,1983
5,9,1966
6,9,1950
7,9,1933
8,9,1925
9,9,1937
10,9,1939
11,9,1950
12,9,1965
13,9,1982
14,9,1986
3,10,2008
4,10,1973
5,10,1966
6,10,1961
7,10,1949
8,10,1929
9,10,1920
10,10,1913
11,10,1940
12,10,1961
13,10,1969
14,10,1979
4,11,2013
5,11,2000
6,11,1968
7,11,1964
8,11,1936
9,11,1935
10,11,1928
11,11,1935
12,11,1939
13,11,1953
14,11,1963
15,11,1983
16,11,1986
17,11,2018
18,11,2018
4,12,2012
5,12,1973
6,12,1969
7,12,1968
8,12,1959
9,12,1955
10,12,1913
11,12,1918
12,12,1920
13,12,1953
14,12,1960
15,12,1977
16,12,1982
17,12,2015
18,12,2015
19,12,2019
5,13,2010
6,13,1974
7,13,1969
8,13,1968
9,13,1965
10,13,1936
11,13,1934
12,13,1920
13,13,1934
14,13,1939
15,13,1953
16,13,1964
17,13,2018
18,13,1986
5,14,1984
6,14,1981
7,14,1970
8,14,1969
9,14,1970
10,14,1956
11,14,1943
12,14,1920
13,14,1922
14,14,1920
15,14,1941
16,14,1961
17,14,1977
18,14,1977
5,15,2018
7,15,1979
8,15,1970
9,15,1970
10,15,1970
11,15,1958
12,15,1934
13,15,1934
14,15,1920
15,15,1934
16,15,1940
17,15,1953
18,15,1964
19,15,2024
20,15,1985
5,16,2018
6,16,1986
7,16,1985
8,16,1970
9,16,1970
10,16,1970
11,16,1968
12,16,1953
13,16,1939
14,16,1924
15,16,1920
16,16,1920
17,16,1940
18,16,1966
19,16,1976
20,16,1977
21,16,2024
8,17,2008
9,17,1979
10,17,1977
11,17,1969
12,17,1971
13,17,1961
14,17,1934
15,17,1934
16,17,1926
17,17,1934
18,17,1940
19,17,1967
20,17,1964
21,17,2024
22,17,1990
8,18,2012
9,18,1981
10,18,1979
11,18,1969
12,18,1971
13,18,1971
14,18,1953
15,18,1951
16,18,1926
17,18,1919
18,18,1920
19,18,1958
20,18,1966
21,18,1988
22,18,1982
24,18,1996
8,19,2023
9,19,2012
10,19,1985
11,19,1969
12,19,1977
13,19,1971
14,19,1971
15,19,1945
16,19,1936
17,19,1941
18,19,1941
19,19,1937
20,19,1943
21,19,1955
22,19,1964
24,19,1992
26,19,1996
8,20,2023
9,20,1989
10,20,1985
11,20,1969
12,20,1977
13,20,1971
14,20,1971
15,20,1971
16,20,1938
17,20,1919
18,20,1934
19,20,1918
20,20,1922
21,20,1941
22,20,1964
23,20,1987
24,20,1987
26,20,1992
28,20,2000
9,21,2024
10,21,1996
11,21,1972
12,21,1979
13,21,1977
14,21,1971
15,21,1971
16,21,1945
17,21,1940
18,21,1950
19,21,1935
20,21,1939
21,21,1955
22,21,1948
23,21,1971
24,21,1974
25,21,1987
26,21,1992
28,21,1996
9,22,1999
10,22,1990
11,22,1972
12,22,1979
13,22,1979
14,22,1971
15,22,1971
16,22,1958
17,22,1949
18,22,1920
19,22,1921
20,22,1934
21,22,1935
22,22,1954
23,22,1974
24,22,1972
25,22,1987
26,22,1987
28,22,1994
11,23,1983
12,23,1989
13,23,1979
14,23,1979
15,23,1971
16,23,1971
17,23,1956
18,23,1936
19,23,1935
20,23,1934
21,23,1937
22,23,1941
23,23,1952
24,23,1972
25,23,1987
26,23,1970
27,23,1987
28,23,1987
10,24,2002
11,24,1983
12,24,1989
13,24,1979
14,24,1979
15,24,1977
16,24,1971
17,24,1971
18,24,1952
19,24,1949
20,24,1922
21,24,1923
22,24,1934
23,24,1942
24,24,1952
25,24,1970
26,24,1977
27,24,1987
28,24,1987
30,24,2005
12,25,1996
13,25,1989
14,25,1979
15,25,1979
16,25,1979
17,25,1971
18,25,1969
19,25,1954
20,25,1940
21,25,1936
22,25,1934
23,25,1937
24,25,1942
25,25,1952
26,25,1972
27,25,1987
28,25,1976
30,25,2001
11,26,2002
12,26,2002
13,26,1989
14,26,1989
15,26,1979
16,26,1979
17,26,1976
18,26,1969
19,26,1964
20,26,1938
21,26,1945
22,26,1923
23,26,1940
24,26,1930
25,26,1938
26,26,1948
27,26,1970
28,26,1977
29,26,1987
30,26,2001
13,27,2002
14,27,1989
15,27,1979
16,27,1979
17,27,1979
18,27,1974
19,27,1965
20,27,1951
21,27,1937
22,27,1934
23,27,1949
24,27,1940
25,27,1938
26,27,1938
27,27,1952
28,27,1972
29,27,1987
30,27,1976
32,27,2015
11,28,2022
12,28,2007
13,28,2002
14,28,1990
15,28,1989
16,28,1979
17,28,1979
18,28,1974
19,28,1964
20,28,1938
21,28,1940
22,28,1934
23,28,1923
24,28,1923
25,28,1955
26,28,1924
27,28,1938
28,28,1952
29,28,1976
30,28,1986
32,28,2005
13,29,2007
14,29,2002
15,29,1989
16,29,1989
17,29,1989
18,29,1985
19,29,1972
20,29,1950
21,29,1959
22,29,1947
23,29,1934
24,29,1930
25,29,1938
26,29,1939
27,29,1941
28,29,1938
29,29,1952
30,29,1981
31,29,1995
32,29,1987
34,29,2016
13,30,2007
14,30,2007
15,30,1990
16,30,1989
17,30,1989
18,30,2004
19,30,1972
20,30,1964
21,30,1966
22,30,1966
23,30,1960
24,30,1930
25,30,1923
26,30,1922
27,30,1941
28,30,1921
29,30,1947
30,30,1955
31,30,1987
32,30,1991
34,30,2005
14,31,2024
15,31,1990
16,31,1989
17,31,1989
18,31,1989
19,31,1972
20,31,1980
21,31,1980
22,31,1977
23,31,1970
24,31,1952
25,31,1934
26,31,1935
27,31,1941
28,31,1951
29,31,1947
30,31,1955
31,31,1978
32,31,1991
33,31,1995
34,31,1993
36,31,2016
14,32,2024
15,32,2018
16,32,1990
17,32,1989
18,32,1989
19,32,1983
20,32,1985
21,32,1980
22,32,1980
23,32,1977
24,32,1960
25,32,1954
26,32,1935
27,32,1923
28,32,1921
29,32,1937
30,32,1948
31,32,1965
32,32,1972
33,32,1991
34,32,1993
36,32,2016
16,33,2018
17,33,2009
18,33,1989
19,33,1983
20,33,1983
21,33,1990
22,33,1980
23,33,1980
24,33,1978
25,33,1961
26,33,1938
27,33,1941
28,33,1934
29,33,1936
30,33,1937
31,33,1953
32,33,1972
33,33,1978
34,33,1991
35,33,2019
36,33,1995
17,34,2009
18,34,2009
19,34,1983
20,34,1997
21,34,1990
22,34,1980
23,34,1980
24,34,1980
25,34,1976
26,34,1957
27,34,1947
28,34,1934
29,34,1923
30,34,1922
31,34,1938
32,34,1950
33,34,1980
34,34,1990
35,34,2011
36,34,1995
17,35,2018
18,35,2009
19,35,1983
20,35,1997
21,35,1997
22,35,1985
23,35,1980
24,35,1980
25,35,1978
26,35,1957
27,35,1949
28,35,1951
29,35,1936
30,35,1939
31,35,1937
32,35,1950
33,35,1971
34,35,1974
35,35,1978
36,35,1981
37,35,2017
38,35,1993
18,36,2018
19,36,2009
20,36,1997
21,36,1997
22,36,1992
23,36,1985
24,36,1980
25,36,1980
26,36,1975
27,36,1960
28,36,1935
29,36,1923
30,36,1922
31,36,1938
32,36,1948
33,36,1955
34,36,1950
35,36,1982
36,36,1973
37,36,1993
38,36,1995
19,37,2009
20,37,2009
21,37,1997
22,37,1997
23,37,1985
24,37,1985
25,37,1983
26,37,1980
27,37,1969
28,37,1946
29,37,1937
30,37,1928
31,37,1937
32,37,1938
33,37,1950
34,37,1957
35,37,1970
36,37,1972
37,37,1977
38,37,1991
39,37,2001
40,37,2017
19,38,2018
20,38,2009
21,38,2009
22,38,1997
23,38,1992
24,38,1985
25,38,1985
26,38,1980
27,38,1978
28,38,1948
29,38,1948
30,38,1922
31,38,1923
32,38,1923
33,38,1939
34,38,1948
35,38,1970
36,38,1960
37,38,1975
38,38,1990
39,38,1999
40,38,2001
20,39,2018
21,39,2009
22,39,1997
23,39,1997
24,39,1992
25,39,1985
26,39,1985
27,39,1985
28,39,1978
29,39,1953
30,39,1937
31,39,1937
32,39,1941
33,39,1947
34,39,1948
35,39,1953
36,39,1960
37,39,1969
38,39,1976
39,39,1992
40,39,1999
42,39,2017
19,40,2018
20,40,2018
21,40,2009
22,40,2009
23,40,1997
24,40,1992
25,40,1985
26,40,1985
27,40,1985
28,40,1977
29,40,1966
30,40,1922
31,40,1923
32,40,1923
33,40,1948
34,40,1922
35,40,1948
36,40,1954
37,40,1972
38,40,1982
39,40,1992
40,40,1987
42,40,2017
21,41,2018
22,41,2009
23,41,1997
24,41,1997
25,41,1992
26,41,1985
27,41,1985
28,41,1984
29,41,1971
30,41,1955
31,41,1939
32,41,1931
33,41,1938
34,41,1947
35,41,1952
36,41,1948
37,41,1968
38,41,1972
39,41,1981
40,41,1997
41,41,1992
42,41,1999
44,41,2017
22,42,2013
23,42,2009
24,42,1997
25,42,1997
26,42,1985
27,42,1985
28,42,1987
29,42,1983
30,42,1951
31,42,1951
32,42,1923
33,42,1920
34,42,1922
35,42,1948
36,42,1920
37,42,1957
38,42,1961
39,42,1981
40,42,1982
41,42,1988
42,42,1991
44,42,2017
23,43,2009
24,43,1997
25,43,1997
26,43,1992
27,43,1985
28,43,1987
29,43,1983
30,43,1972
31,43,1956
32,43,1939
33,43,1934
34,43,1922
35,43,1937
36,43,1948
37,43,1961
38,43,1952
39,43,1980
40,43,1974
41,43,1977
42,43,1992
43,43,1992
44,43,1995
23,44,2013
24,44,2009
25,44,1997
26,44,1997
27,44,1992
28,44,1987
29,44,1983
30,44,1972
31,44,1960
32,44,1931
33,44,1951
34,44,1922
35,44,1920
36,44,1920
37,44,1949
38,44,1952
39,44,1962
40,44,1977
41,44,1988
42,44,1991
43,44,1991
44,44,1994
46,44,2016
24,45,2013
25,45,2009
26,45,1997
27,45,1992
28,45,1987
29,45,1987
30,45,1974
31,45,1961
32,45,1939
33,45,1937
34,45,1950
35,45,1937
36,45,1950
37,45,1949
38,45,1952
39,45,1962
40,45,1963
41,45,1974
42,45,1977
43,45,1991
44,45,1992
45,45,1994
46,45,1995
47,45,2016
24,46,2013
25,46,2010
26,46,1997
27,46,1995
28,46,1987
29,46,1985
30,46,1974
31,46,1968
32,46,1951
33,46,1950
34,46,1922
35,46,1920
36,46,1920
37,46,1950
38,46,1936
39,46,1952
40,46,1951
41,46,1971
42,46,1971
43,46,1991
44,46,1991
45,46,1994
46,46,1994
47,46,1995
48,46,2016
25,47,2013
26,47,2010
27,47,1995
28,47,1992
29,47,1987
30,47,1977
31,47,1972
32,47,1970
33,47,1959
34,47,1949
35,47,1937
36,47,1920
37,47,1947
38,47,1940
39,47,1951
40,47,1949
41,47,1964
42,47,1980
43,47,1974
44,47,1983
45,47,1994
46,47,1994
47,47,1994
48,47,2012
49,47,2016
25,48,2017
26,48,2010
27,48,1995
28,48,1995
29,48,1987
30,48,1977
31,48,1974
32,48,1972
33,48,1960
34,48,1922
35,48,1937
36,48,1920
37,48,1921
38,48,1924
39,48,1940
40,48,1951
41,48,1954
42,48,1953
43,48,1974
44,48,1971
45,48,1994
46,48,1982
47,48,1994
48,48,2008
49,48,2012
26,49,2013
27,49,2010
28,49,1995
29,49,1991
30,49,1986
31,49,1974
32,49,1972
33,49,1968
34,49,1937
35,49,1943
36,49,1943
37,49,1941
38,49,1931
39,49,1948
40,49,1938
41,49,1951
42,49,1938
43,49,1964
44,49,1972
45,49,1979
46,49,1980
47,49,1982
48,49,1978
49,49,1994
50,49,2012
26,50,2017
27,50,2014
28,50,1995
29,50,1991
30,50,1986
31,50,1976
32,50,1972
33,50,1968
34,50,1960
35,50,1943
36,50,1920
37,50,1921
38,50,1923
39,50,1923
40,50,1924
41,50,1951
42,50,1930
43,50,1948
44,50,1952
45,50,1967
46,50,1980
47,50,1978
48,50,1978
49,50,1994
50,50,1994
27,51,2017
28,51,2010
29,51,1995
30,51,1991
31,51,1976
32,51,1972
33,51,1968
34,51,1960
35,51,1962
36,51,1943
37,51,1939
38,51,1937
39,51,1937
40,51,1934
41,51,1938
42,51,1946
43,51,1948
44,51,1948
45,51,1967
46,51,1969
47,51,1978
48,51,1978
49,51,1982
50,51,1994
28,52,2014
29,52,2010
30,52,1997
31,52,1976
32,52,1972
33,52,1967
34,52,1973
35,52,1943
36,52,1939
37,52,1940
38,52,1951
39,52,1943
40,52,1924
41,52,1932
42,52,1930
43,52,1947
44,52,1931
45,52,1955
46,52,1955
47,52,1967
48,52,1970
49,52,1988
50,52,1994
52,52,2018
28,53,2017
29,53,2010
30,53,1997
31,53,1991
32,53,1991
33,53,1973
34,53,1968
35,53,1949
36,53,1943
37,53,1951
38,53,1943
39,53,1940
40,53,1950
41,53,1938
42,53,1930
43,53,1947
44,53,1946
45,53,1955
46,53,1955
47,53,1970
48,53,1969
49,53,1981
50,53,1981
51,53,1995
52,53,2006
28,54,2017
29,54,2017
30,54,2010
31,54,1997
32,54,1994
33,54,1970
34,54,1970
35,54,1959
36,54,1951
37,54,1951
38,54,1941
39,54,1948
40,54,1924
41,54,1946
42,54,1930
43,54,1947
44,54,1944
45,54,1952
46,54,1948
47,54,1966
48,54,1969
49,54,1978
50,54,1985
51,54,1994
52,54,1981
54,54,2018
29,55,2024
30,55,2010
31,55,1997
32,55,1997
33,55,1994
34,55,1971
35,55,1959
36,55,1951
37,55,1960
38,55,1959
39,55,1948
40,55,1946
41,55,1949
42,55,1930
43,55,1955
44,55,1931
45,55,1948
46,55,1948
47,55,1960
48,55,1960
49,55,1977
50,55,1981
51,55,1981
52,55,1979
53,55,1991
54,55,2006
30,56,2024
31,56,2010
32,56,1997
33,56,1994
34,56,1994
35,56,1974
36,56,1951
37,56,1960
38,56,1959
39,56,1959
40,56,1934
41,56,1951
42,56,1930
43,56,1938
44,56,1931
45,56,1948
46,56,1935
47,56,1954
48,56,1955
49,56,1975
50,56,1975
51,56,1994
52,56,1974
53,56,1984
54,56,1981
30,57,2024
31,57,2024
32,57,1997
33,57,1997
34,57,1975
35,57,1974
36,57,1951
37,57,1961
38,57,1961
39,57,1975
40,57,1951
41,57,1960
42,57,1938
43,57,1952
44,57,1931
45,57,1941
46,57,1950
47,57,1955
48,57,1950
49,57,1962
50,57,1976
51,57,1976
52,57,1967
53,57,1977
54,57,1979
55,57,1994
31,58,2024
32,58,2010
33,58,1997
34,58,1997
35,58,1988
36,58,1972
37,58,1967
38,58,1971
39,58,1970
40,58,1967
41,58,1950
42,58,1930
43,58,1941
44,58,1931
45,58,1934
46,58,1935
47,58,1939
48,58,1934
49,58,1949
50,58,1968
51,58,1976
52,58,1977
53,58,1977
54,58,1978
55,58,1984
56,58,1995
32,59,2024
33,59,1997
34,59,1997
35,59,1988
36,59,1994
37,59,1967
38,59,1978
39,59,1970
40,59,1970
41,59,1967
42,59,1941
43,59,1954
44,59,1946
45,59,1939
46,59,1935
47,59,1937
48,59,1946
49,59,1949
50,59,1965
51,59,1972
52,59,1967
53,59,1977
54,59,1973
55,59,1978
56,59,1997
57,59,2022
32,60,2024
33,60,2024
34,60,1997
35,60,1997
36,60,1994
37,60,1969
38,60,1971
39,60,1975
40,60,1970
41,60,1970
42,60,1954
43,60,1957
44,60,1931
45,60,1946
46,60,1935
47,60,1923
48,60,1934
49,60,1948
50,60,1965
51,60,1972
52,60,1976
53,60,1977
54,60,1977
55,60,1978
56,60,1997
57,60,2001
33,61,2024
34,61,2010
35,61,1997
36,61,1997
37,61,1971
38,61,1975
39,61,1977
40,61,1970
41,61,1972
42,61,1963
43,61,1956
44,61,1946
45,61,1946
46,61,1958
47,61,1937
48,61,1950
49,61,1939
50,61,1949
51,61,1959
52,61,1974
53,61,1977
54,61,1969
55,61,1975
56,61,1977
33,62,2024
34,62,2024
35,62,1997
36,62,1997
37,62,1971
38,62,1978
39,62,1983
40,62,1970
41,62,1971
42,62,1962
43,62,1955
44,62,1946
45,62,1950
46,62,1935
47,62,1923
48,62,1924
49,62,1947
50,62,1927
51,62,1958
52,62,1968
53,62,1969
54,62,1969
55,62,1972
56,62,1997
59,62,2005
34,63,2024
35,63,2010
36,63,1997
37,63,1978
38,63,1983
39,63,1983
40,63,1987
41,63,1971
42,63,1962
43,63,1965
44,63,1951
45,63,1955
46,63,1937
47,63,1937
48,63,1924
49,63,1947
50,63,1939
51,63,1959
52,63,1960
53,63,1976
54,63,1969
55,63,1969
56,63,1975
57,63,1984
58,63,1997
35,64,2024
36,64,1997
37,64,1992
38,64,1986
39,64,1994
40,64,1990
41,64,1984
42,64,1969
43,64,1965
44,64,1955
45,64,1972
46,64,1935
47,64,1937
48,64,1924
49,64,1934
50,64,1927
51,64,1958
52,64,1958
53,64,1969
54,64,1965
55,64,1969
56,64,1974
57,64,1988
58,64,2005
35,65,2024
36,65,2010
37,65,1995
38,65,1997
39,65,1994
40,65,1992
41,65,1976
42,65,1972
43,65,1970
44,65,1967
45,65,1963
46,65,1937
47,65,1938
48,65,1924
49,65,1937
50,65,1927
51,65,1949
52,65,1958
53,65,1957
54,65,1965
55,65,1969
56,65,1975
57,65,1984
58,65,1984
59,65,1986
60,65,1999
35,66,2021
36,66,2021
37,66,2010
38,66,1997
39,66,1994
40,66,1994
41,66,1992
42,66,1972
43,66,1976
44,66,1970
45,66,1975
46,66,1950
47,66,1949
48,66,1924
49,66,1924
50,66,1922
51,66,1947
52,66,1948
53,66,1954
54,66,1965
55,66,1969
56,66,1974
57,66,1978
58,66,1978
59,66,2002
36,67,2024
37,67,2018
38,67,1997
39,67,1997
40,67,1994
41,67,1994
42,67,1992
43,67,1976
44,67,1970
45,67,1971
46,67,1954
47,67,1958
48,67,1939
49,67,1937
50,67,1922
51,67,1947
52,67,1948
53,67,1957
54,67,1952
55,67,1969
56,67,1962
57,67,1978
58,67,1978
59,67,1983
60,67,1983
61,67,1999
62,67,1999
63,67,2004
37,68,2021
38,68,2010
39,68,1997
40,68,1997
41,68,1994
42,68,1992
43,68,1988
44,68,1970
45,68,1971
46,68,1958
47,68,1949
48,68,1924
49,68,1937
50,68,1922
51,68,1947
52,68,1936
53,68,1950
54,68,1952
55,68,1954
56,68,1967
57,68,1973
58,68,1978
59,68,1995
60,68,1985
61,68,2004
62,68,1999
63,68,1998
37,69,2021
38,69,2010
39,69,2010
40,69,1997
41,69,1994
42,69,1994
43,69,1990
44,69,1988
45,69,1988
46,69,1958
47,69,1958
48,69,1939
49,69,1949
50,69,1922
51,69,1937
52,69,1939
53,69,1950
54,69,1952
55,69,1969
56,69,1962
57,69,1961
58,69,1978
59,69,1985
60,69,1977
61,69,1985
62,69,1986
38,70,2021
39,70,2010
40,70,1997
41,70,1997
42,70,1994
43,70,1992
44,70,1991
45,70,1988
46,70,1970
47,70,1958
48,70,1961
49,70,1949
50,70,1922
51,70,1922
52,70,1932
53,70,1949
54,70,1922
55,70,1954
56,70,1954
57,70,1963
58,70,1968
59,70,1977
60,70,1977
61,70,1998
62,70,1989
65,70,2004
39,71,2021
40,71,2010
41,71,1997
42,71,1994
43,71,1994
44,71,1992
45,71,1970
46,71,1968
47,71,1968
48,71,1961
49,71,1958
50,71,1948
51,71,1939
52,71,1932
53,71,1938
54,71,1950
55,71,1954
56,71,1952
57,71,1961
58,71,1977
59,71,1977
60,71,1977
61,71,1977
62,71,1977
63,71,1989
64,71,1996
39,72,2021
40,72,2010
41,72,1997
42,72,1997
43,72,1994
44,72,1994
45,72,1991
46,72,1969
47,72,1975
48,72,1971
49,72,1960
50,72,1922
51,72,1922
52,72,1932
53,72,1947
54,72,1922
55,72,1950
56,72,1950
57,72,1963
58,72,1965
59,72,1977
60,72,1977
61,72,1977
62,72,1977
63,72,1989
40,73,2018
41,73,2010
42,73,2010
43,73,1997
44,73,1994
45,73,1994
46,73,1991
47,73,1971
48,73,1965
49,73,1963
50,73,1948
51,73,1939
52,73,1931
53,73,1938
54,73,1950
55,73,1951
56,73,1950
57,73,1961
58,73,1966
59,73,1974
60,73,1977
61,73,1977
62,73,1977
63,73,1987
64,73,1999
66,73,1999
67,73,1999
40,74,2021
41,74,2010
42,74,2010
43,74,1997
44,74,1994
45,74,1994
46,74,1993
47,74,1982
48,74,1973
49,74,1960
50,74,1922
51,74,1951
52,74,1924
53,74,1920
54,74,1922
55,74,1950
56,74,1936
57,74,1951
58,74,1960
59,74,1970
60,74,1971
61,74,1975
62,74,1982
63,74,1982
64,74,1985
65,74,1999
66,74,2002
67,74,1998
41,75,2018
42,75,2010
43,75,2010
44,75,1997
45,75,1994
46,75,1994
47,75,1978
48,75,1983
49,75,1964
50,75,1939
51,75,1956
52,75,1938
53,75,1934
54,75,1920
55,75,1952
56,75,1947
57,75,1951
58,75,1951
59,75,1967
60,75,1971
61,75,1982
62,75,1986
63,75,1982
64,75,1983
65,75,1986
66,75,1984
67,75,2001
41,76,2021
42,76,2015
43,76,2010
44,76,2010
45,76,1994
46,76,1994
47,76,1976
48,76,1974
49,76,1967
50,76,1962
51,76,1939
52,76,1924
53,76,1951
54,76,1922
55,76,1947
56,76,1936
57,76,1950
58,76,1951
59,76,1954
60,76,1969
61,76,1975
62,76,1982
63,76,1975
64,76,1985
65,76,1986
66,76,1986
68,76,2003
69,76,1998
42,77,2018
43,77,2010
44,77,2010
45,77,1997
46,77,1994
47,77,1984
48,77,1986
49,77,1974
50,77,1951
51,77,1956
52,77,1939
53,77,1938
54,77,1920
55,77,1953
56,77,1941
57,77,1951
58,77,1948
59,77,1969
60,77,1970
61,77,1981
62,77,1971
63,77,1982
64,77,1986
65,77,1991
66,77,1983
67,77,1986
68,77,1989
69,77,1993
43,78,2015
44,78,2010
45,78,2010
46,78,1997
47,78,1994
48,78,1978
49,78,1975
50,78,1956
51,78,1939
52,78,1924
53,78,1939
54,78,1920
55,78,1921
56,78,1936
57,78,1948
58,78,1936
59,78,1958
60,78,1965
61,78,1967
62,78,1967
63,78,1977
64,78,1986
65,78,1985
66,78,1986
67,78,1987
68,78,1993
69,78,1982
71,78,2022
43,79,2018
44,79,2010
45,79,2010
46,79,2008
47,79,1994
48,79,1986
49,79,1975
50,79,1962
51,79,1962
52,79,1939
53,79,1948
54,79,1940
55,79,1940
56,79,1931
57,79,1950
58,79,1948
59,79,1951
60,79,1951
61,79,1966
62,79,1967
63,79,1966
64,79,1975
65,79,1982
66,79,1982
67,79,1982
68,79,1992
69,79,1982
70,79,2001
71,79,1993
44,80,2010
45,80,2010
46,80,2008
47,80,1995
48,80,1986
49,80,1975
50,80,1972
51,80,1956
52,80,1948
53,80,1940
54,80,1920
55,80,1949
56,80,1931
57,80,1948
58,80,1936
59,80,1951
60,80,1949
61,80,1952
62,80,1959
63,80,1965
64,80,1968
65,80,1981
66,80,1981
67,80,1982
68,80,1982
69,80,1987
70,80,2021
71,80,1982
44,81,2018
45,81,2010
46,81,2010
47,81,2000
48,81,1986
49,81,1973
50,81,1963
51,81,1956
52,81,1940
53,81,1948
54,81,1940
55,81,1951
56,81,1931
57,81,1947
58,81,1948
59,81,1938
60,81,1949
61,81,1959
62,81,1956
63,81,1965
64,81,1959
65,81,1974
66,81,1975
67,81,1979
68,81,1984
69,81,1982
70,81,1985
71,81,1987
45,82,2015
46,82,2010
47,82,2000
48,82,1986
49,82,1976
50,82,1963
51,82,1966
52,82,1948
53,82,1940
54,82,1920
55,82,1951
56,82,1924
57,82,1924
58,82,1924
59,82,1924
60,82,1924
61,82,1952
62,82,1934
63,82,1951
64,82,1958
65,82,1969
66,82,1974
67,82,1979
68,82,1982
69,82,1982
70,82,1982
71,82,1989
72,82,1981
73,82,2007
74,82,2024
45,83,2018
46,83,2015
47,83,2000
48,83,2000
49,83,1973
50,83,1973
51,83,1967
52,83,1969
53,83,1949
54,83,1943
55,83,1943
56,83,1937
57,83,1935
58,83,1951
59,83,1935
60,83,1933
61,83,1952
62,83,1947
63,83,1958
64,83,1957
65,83,1960
66,83,1958
67,83,1963
68,83,1970
69,83,1980
70,83,1977
71,83,1981
72,83,1981
73,83,1992
74,83,2010
46,84,2018
47,84,2013
48,84,2000
49,84,1996
50,84,1974
51,84,1964
52,84,1974
53,84,1943
54,84,1943
55,84,1939
56,84,1939
57,84,1951
58,84,1924
59,84,1951
60,84,1924
61,84,1951
62,84,1953
63,84,1951
64,84,1953
65,84,1950
66,84,1958
67,84,1963
68,84,1963
69,84,1964
70,84,1964
71,84,1965
72,84,1979
73,84,1979
74,84,1981
75,84,2006
76,84,2024
46,85,2018
47,85,2015
48,85,2010
49,85,1996
50,85,1994
51,85,1976
52,85,1975
53,85,1949
54,85,1951
55,85,1950
56,85,1951
57,85,1953
58,85,1951
59,85,1946
60,85,1933
61,85,1960
62,85,1933
63,85,1951
64,85,1951
65,85,1959
66,85,1958
67,85,1963
68,85,1963
69,85,1964
70,85,1964
71,85,1965
72,85,1965
73,85,1979
74,85,1981
75,85,1992
76,85,2010
48,86,2015
49,86,2002
50,86,1994
51,86,1994
52,86,1975
53,86,1949
54,86,1951
55,86,1962
56,86,1959
57,86,1951
58,86,1946
59,86,1954
60,86,1924
61,86,1947
62,86,1933
63,86,1959
64,86,1953
65,86,1953
66,86,1958
67,86,1963
68,86,1963
69,86,1971
70,86,1970
71,86,1977
72,86,1965
73,86,1979
74,86,1979
75,86,1979
76,86,1989
49,87,2015
50,87,1994
51,87,1994
52,87,1994
53,87,1972
54,87,1951
55,87,1962
56,87,1962
57,87,1967
58,87,1954
59,87,1953
60,87,1947
61,87,1947
62,87,1933
63,87,1950
64,87,1950
65,87,1959
66,87,1958
67,87,1966
68,87,1969
69,87,1971
70,87,1970
71,87,1979
72,87,1973
73,87,1979
74,87,1973
75,87,1979
76,87,1981
77,87,2014
78,87,2019
49,88,2015
50,88,2010
51,88,1994
52,88,1994
53,88,1974
54,88,1960
55,88,1962
56,88,1967
57,88,1974
58,88,1953
59,88,1964
60,88,1937
61,88,1947
62,88,1934
63,88,1933
64,88,1938
65,88,1957
66,88,1961
67,88,1959
68,88,1967
69,88,1974
70,88,1967
71,88,1980
72,88,1973
73,88,1979
74,88,1973
75,88,1979
76,88,1981
77,88,1997
78,88,1996
50,89,2015
51,89,2010
52,89,1994
53,89,1975
54,89,1951
55,89,1967
56,89,1974
57,89,1974
58,89,1964
59,89,1964
60,89,1938
61,89,1952
62,89,1947
63,89,1938
64,89,1947
65,89,1950
66,89,1958
67,89,1957
68,89,1966
69,89,1970
70,89,1975
71,89,1979
72,89,1973
73,89,1985
74,89,1973
75,89,1979
76,89,1978
77,89,1981
78,89,1996
50,90,2018
51,90,2015
52,90,1994
53,90,1994
54,90,1989
55,90,1971
56,90,1970
57,90,1979
58,90,1964
59,90,1964
60,90,1937
61,90,1952
62,90,1933
63,90,1933
64,90,1938
65,90,1957
66,90,1948
67,90,1966
68,90,1960
69,90,1971
70,90,1967
71,90,1973
72,90,1982
73,90,1985
74,90,1973
75,90,1981
76,90,1977
77,90,1981
78,90,1981
80,90,2019
51,91,2018
52,91,2010
53,91,1994
54,91,2003
55,91,1971
56,91,1978
57,91,1982
58,91,1971
59,91,1970
60,91,1938
61,91,1958
62,91,1938
63,91,1947
64,91,1933
65,91,1950
66,91,1953
67,91,1961
68,91,1962
69,91,1970
70,91,1974
71,91,1978
72,91,1982
73,91,1982
74,91,1975
75,91,1978
76,91,1977
77,91,1978
78,91,1981
79,91,2004
80,91,2004
52,92,2015
53,92,2010
54,92,1989
55,92,1978
56,92,1979
57,92,1979
58,92,1970
59,92,1990
60,92,1969
61,92,1962
62,92,1933
63,92,1951
64,92,1933
65,92,1960
66,92,1938
67,92,1958
68,92,1954
69,92,1959
70,92,1963
71,92,1979
72,92,1981
73,92,1982
74,92,1975
75,92,1992
76,92,1977
77,92,1978
78,92,1981
79,92,1997
80,92,1999
52,93,2018
53,93,2018
54,93,1994
55,93,1978
56,93,1993
57,93,1993
58,93,1997
59,93,1983
60,93,1987
61,93,1958
62,93,1951
63,93,1951
64,93,1933
65,93,1957
66,93,1951
67,93,1950
68,93,1954
69,93,1963
70,93,1967
71,93,1977
72,93,1981
73,93,1977
74,93,1985
75,93,1992
76,93,1972
77,93,1977
78,93,1981
79,93,1993
80,93,1999
53,94,2018
54,94,2010
55,94,2017
56,94,1994
57,94,1994
58,94,1990
59,94,1987
60,94,1970
61,94,1982
62,94,1951
63,94,1950
64,94,1933
65,94,1933
66,94,1938
67,94,1954
68,94,1938
69,94,1959
70,94,1960
71,94,1973
72,94,1965
73,94,1982
74,94,1971
75,94,1978
76,94,1972
77,94,1967
78,94,1981
79,94,1983
80,94,1997
54,95,2018
55,95,2017
56,95,1994
57,95,1994
58,95,1994
59,95,1988
60,95,1986
61,95,1986
62,95,1973
63,95,1950
64,95,1949
65,95,1943
66,95,1934
67,95,1957
68,95,1953
69,95,1960
70,95,1964
71,95,1969
72,95,1969
73,95,1969
74,95,1985
75,95,1974
76,95,1972
77,95,1967
78,95,1966
79,95,1983
80,95,1983
81,95,2004
54,96,2018
55,96,2017
56,96,2010
57,96,1994
58,96,1994
59,96,2012
60,96,1987
61,96,1987
62,96,1970
63,96,1961
64,96,1933
65,96,1949
66,96,1934
67,96,1957
68,96,1938
69,96,1953
70,96,1954
71,96,1959
72,96,1961
73,96,1969
74,96,1971
75,96,1987
76,96,1971
77,96,1967
78,96,1966
79,96,1975
80,96,1983
81,96,1999
82,96,2016
56,97,2017
57,97,2017
58,97,1994
59,97,2017
60,97,2012
61,97,1987
62,97,1986
63,97,1973
64,97,1949
65,97,1965
66,97,1934
67,97,1938
68,97,1950
69,97,1948
70,97,1954
71,97,1960
72,97,1969
73,97,1969
74,97,1983
75,97,1972
76,97,1971
77,97,1967
78,97,1966
79,97,1975
80,97,1975
81,97,1997
82,97,2010
56,98,2017
57,98,2017
58,98,2017
59,98,2017
60,98,2012
61,98,2005
62,98,1986
63,98,1986
64,98,1967
65,98,1966
66,98,1934
67,98,1934
68,98,1934
69,98,1948
70,98,1938
71,98,1955
72,98,1961
73,98,1969
74,98,1965
75,98,1986
76,98,1971
77,98,1967
78,98,1966
79,98,1968
80,98,1971
81,98,1983
82,98,1996
57,99,2017
58,99,2017
59,99,2017
60,99,2012
61,99,2012
62,99,1998
63,99,1987
64,99,1982
65,99,1968
66,99,1935
67,99,1936
68,99,1934
69,99,1949
70,99,1946
71,99,1951
72,99,1951
73,99,1964
74,99,1963
75,99,1972
76,99,1973
77,99,1967
78,99,1966
79,99,1968
80,99,1970
81,99,1987
82,99,1989
57,100,2018
58,100,2017
59,100,2017
60,100,2012
61,100,2012
62,100,2005
63,100,2007
64,100,1988
65,100,1983
66,100,1949
67,100,1955
68,100,1934
69,100,1934
70,100,1938
71,100,1951
72,100,1951
73,100,1960
74,100,1965
75,100,1967
76,100,1970
77,100,1967
78,100,1966
79,100,1968
80,100,1970
81,100,1996
82,100,1986
59,101,2017
60,101,2012
61,101,2012
62,101,2012
63,101,2007
64,101,1998
65,101,1996
66,101,1960
67,101,1960
68,101,1956
69,101,1936
70,101,1934
71,101,1951
72,101,1951
73,101,1960
74,101,1963
75,101,1967
76,101,1970
77,101,1972
78,101,1966
79,101,1977
80,101,1969
81,101,1991
82,101,1980
83,101,2003
59,102,2018
60,102,2017
61,102,2012
62,102,2012
63,102,2007
64,102,2005
65,102,1999
66,102,1982
67,102,1963
68,102,1934
69,102,1948
70,102,1934
71,102,1951
72,102,1939
73,102,1960
74,102,1950
75,102,1957
76,102,1967
77,102,1992
78,102,1966
79,102,1968
80,102,1968
81,102,1980
82,102,1980
83,102,1996
84,102,2005
60,103,2018
61,103,2018
62,103,2012
63,103,2012
64,103,2012
65,103,1999
66,103,1990
67,103,1960
68,103,1938
69,103,1956
70,103,1934
71,103,1951
72,103,1949
73,103,1948
74,103,1950
75,103,1957
76,103,1968
77,103,1972
78,103,1966
79,103,1970
80,103,1969
81,103,1976
82,103,1975
83,103,1997
84,103,2005
61,104,2018
62,104,2017
63,104,2012
64,104,2012
65,104,2012
66,104,2010
67,104,1989
68,104,1956
69,104,1961
70,104,1934
71,104,1934
72,104,1934
73,104,1948
74,104,1950
75,104,1960
76,104,1967
77,104,1973
78,104,1963
79,104,1968
80,104,1969
81,104,1976
82,104,1972
83,104,1999
84,104,1999
61,105,2022
62,105,2018
63,105,2012
64,105,2012
65,105,2012
66,105,2012
67,105,1991
68,105,1972
69,105,1960
70,105,1945
71,105,1935
72,105,1934
73,105,1950
74,105,1950
75,105,1955
76,105,1966
77,105,1961
78,105,1963
79,105,1969
80,105,1960
81,105,1975
82,105,1972
83,105,1980
84,105,1999
85,105,2023
62,106,2022
63,106,2018
64,106,2012
65,106,2012
66,106,2012
67,106,2012
68,106,1989
69,106,1961
70,106,1934
71,106,1945
72,106,1934
73,106,1950
74,106,1937
75,106,1957
76,106,1950
77,106,1961
78,106,1963
79,106,1960
80,106,1960
81,106,1976
82,106,1972
83,106,1973
84,106,1996
85,106,2003
63,107,2022
64,107,2018
65,107,2012
66,107,2012
67,107,2012
68,107,1996
69,107,1961
70,107,1945
71,107,1957
72,107,1934
73,107,1938
74,107,1947
75,107,1950
76,107,1950
77,107,1960
78,107,1960
79,107,1960
80,107,1960
81,107,1970
82,107,1972
83,107,1972
84,107,1993
85,107,2006
86,107,2006
64,108,2022
65,108,2018
66,108,2012
67,108,2012
68,108,2012
69,108,1989
70,108,1973
71,108,1961
72,108,1934
73,108,1932
74,108,1930
75,108,1950
76,108,1937
77,108,1958
78,108,1960
79,108,1955
80,108,1960
81,108,1972
82,108,1972
83,108,1972
84,108,1977
85,108,2003
86,108,2006
65,109,2018
66,109,2018
67,109,2012
68,109,2012
69,109,2012
70,109,1982
71,109,1971
72,109,1935
73,109,1938
74,109,1930
75,109,1940
76,109,1947
77,109,1958
78,109,1961
79,109,1955
80,109,1960
81,109,1970
82,109,1974
83,109,1971
84,109,1967
85,109,2009
86,109,2001
66,110,2018
67,110,2018
68,110,2012
69,110,2012
70,110,1987
71,110,1982
72,110,1961
73,110,1950
74,110,1930
75,110,1931
76,110,1931
77,110,1958
78,110,1954
79,110,1955
80,110,1959
81,110,1974
82,110,1974
83,110,1971
84,110,1967
85,110,1999
86,110,1995
87,110,2013
67,111,2018
68,111,2018
69,111,2012
70,111,2012
71,111,1982
72,111,1956
73,111,1955
74,111,1940
75,111,1939
76,111,1931
77,111,1950
78,111,1955
79,111,1959
80,111,1954
81,111,1961
82,111,1974
83,111,1971
84,111,1967
85,111,1967
86,111,1995
87,111,2013
68,112,2018
69,112,2012
70,112,2012
71,112,1983
72,112,1973
73,112,1950
74,112,1930
75,112,1931
76,112,1931
77,112,1955
78,112,1949
79,112,1954
80,112,1952
81,112,1960
82,112,1960
83,112,1971
84,112,1967
85,112,1967
86,112,1984
87,112,1999
69,113,2024
70,113,2012
71,113,1989
72,113,1993
73,113,1955
74,113,1940
75,113,1939
76,113,1931
77,113,1947
78,113,1948
79,113,1948
80,113,1952
81,113,1960
82,113,1957
83,113,1976
84,113,1965
85,113,1967
86,113,1980
87,113,1995
88,113,2005
69,114,2024
70,114,2012
71,114,2012
72,114,1998
73,114,1999
74,114,1951
75,114,1963
76,114,1931
77,114,1935
78,114,1935
79,114,1948
80,114,1962
81,114,1955
82,114,1957
83,114,1971
84,114,1965
85,114,1967
86,114,1971
87,114,1980
88,114,2005
89,114,2024
70,115,2012
71,115,2012
72,115,1999
73,115,1999
74,115,1963
75,115,1955
76,115,1940
77,115,1937
78,115,1948
79,115,1948
80,115,1952
81,115,1955
82,115,1955
83,115,1950
84,115,1965
85,115,1963
86,115,1967
87,115,1980
88,115,1996
89,115,2022
70,116,2024
71,116,2012
72,116,1999
73,116,1999
74,116,1976
75,116,1963
76,116,1931
77,116,1935
78,116,1935
79,116,1948
80,116,1927
81,116,1955
82,116,1955
83,116,1950
84,116,1951
85,116,1963
86,116,1967
87,116,1967
88,116,1995
89,116,2014
70,117,2024
71,117,2012
72,117,2009
73,117,2009
74,117,1999
75,117,1965
76,117,1940
77,117,1937
78,117,1935
79,117,1937
80,117,1941
81,117,1949
82,117,1950
83,117,1950
84,117,1951
85,117,1961
86,117,1967
87,117,1964
88,117,1987
89,117,1998
90,117,2022
71,118,2023
72,118,2012
73,118,2009
74,118,1999
75,118,1999
76,118,1951
77,118,1952
78,118,1935
79,118,1935
80,118,1925
81,118,1949
82,118,1950
83,118,1950
84,118,1951
85,118,1951
86,118,1967
87,118,1964
88,118,1967
89,118,1994
90,118,2010
71,119,2024
72,119,2023
73,119,2009
74,119,2009
75,119,1999
76,119,1957
77,119,1966
78,119,1936
79,119,1937
80,119,1925
81,119,1949
82,119,1950
83,119,1951
84,119,1951
85,119,1961
86,119,1967
87,119,1964
88,119,1967
89,119,1994
90,119,1996
72,120,2023
73,120,2012
74,120,2009
75,120,2008
76,120,1977
77,120,1952
78,120,1935
79,120,1937
80,120,1925
81,120,1950
82,120,1954
83,120,1950
84,120,1951
85,120,1951
86,120,1954
87,120,1964
88,120,1967
89,120,1968
90,120,1995
91,120,2020
73,121,2012
74,121,2012
75,121,2008
76,121,2003
77,121,1973
78,121,1937
79,121,1951
80,121,1925
81,121,1940
82,121,1942
83,121,1947
84,121,1951
85,121,1961
86,121,1954
87,121,1964
88,121,1967
89,121,1968
90,121,1995
91,121,1997
74,122,2012
75,122,2011
76,122,2008
77,122,1993
78,122,1957
79,122,1952
80,122,1920
81,122,1931
82,122,1932
83,122,1951
84,122,1947
85,122,1951
86,122,1955
87,122,1964
88,122,1967
89,122,1968
90,122,1980
91,122,1995
92,122,2021
74,123,2012
75,123,2012
76,123,2008
77,123,2008
78,123,1962
79,123,1967
80,123,1943
81,123,1953
82,123,1954
83,123,1947
84,123,1947
85,123,1950
86,123,1952
87,123,1964
88,123,1967
89,123,1968
90,123,1968
91,123,1995
92,123,2015
75,124,2012
76,124,2011
77,124,2008
78,124,1992
79,124,1952
80,124,1920
81,124,1931
82,124,1927
83,124,1950
84,124,1947
85,124,1951
86,124,1952
87,124,1964
88,124,1967
89,124,1968
90,124,1968
91,124,1979
92,124,2015
76,125,2011
77,125,2008
78,125,2008
79,125,1972
80,125,1940
81,125,1935
82,125,1927
83,125,1953
84,125,1949
85,125,1949
86,125,1952
87,125,1950
88,125,1955
89,125,1968
90,125,1968
91,125,1972
92,125,2000
76,126,2012
77,126,2011
78,126,2008
79,126,1994
80,126,1961
81,126,1908
82,126,1927
83,126,1924
84,126,1898
85,126,1940
86,126,1950
87,126,1964
88,126,1967
89,126,1968
90,126,1968
91,126,1968
92,126,1992
93,126,2018
76,127,2012
77,127,2011
78,127,2010
79,127,2011
80,127,1982
81,127,1909
82,127,1940
83,127,1905
84,127,1913
85,127,1954
86,127,1967
87,127,1967
88,127,1967
89,127,1967
90,127,1968
91,127,1979
92,127,1993
93,127,2019
77,128,2012
78,128,2012
79,128,2010
80,128,1994
81,128,1950
82,128,1900
83,128,1905
84,128,1906
85,128,1968
86,128,1970
87,128,1970
88,128,1972
89,128,1972
90,128,1973
91,128,2005
95,128,2015
78,129,2012
79,129,2010
80,129,1998
81,129,1909
82,129,1904
83,129,1905
84,129,1947
85,129,1949
86,129,1952
87,129,1970
88,129,1970
89,129,1970
90,129,1973
91,129,2005
92,129,2015
93,129,2020
78,130,2012
79,130,2010
80,130,1998
81,130,1998
82,130,1900
83,130,1947
84,130,1912
85,130,1944
86,130,1949
87,130,1968
88,130,1970
89,130,1970
90,130,1973
91,130,1983
92,130,1983
93,130,2017
79,131,2010
80,131,2010
81,131,1998
82,131,1964
83,131,1904
84,131,1911
85,131,1948
86,131,1949
87,131,1949
88,131,1952
89,131,1970
90,131,1970
91,131,1970
92,131,1991
93,131,2018
80,132,2010
81,132,2010
82,132,1904
83,132,1953
84,132,1910
85,132,1947
86,132,1948
87,132,1948
88,132,1949
89,132,1968
90,132,1970
91,132,1970
92,132,1991
93,132,1994
80,133,2010
81,133,2010
82,133,1998
83,133,1989
84,133,1956
85,133,1939
86,133,1903
87,133,1948
88,133,1949
89,133,1949
90,133,1952
91,133,1970
92,133,1989
93,133,1990
94,133,2024
80,134,2010
81,134,2010
82,134,2010
83,134,1998
84,134,1904
85,134,1953
86,134,1900
87,134,1947
88,134,1948
89,134,1948
90,134,1949
91,134,1968
92,134,1973
93,134,1990
94,134,1994
95,134,2015
80,135,2010
81,135,2010
82,135,2010
83,135,1998
84,135,1998
85,135,1989
86,135,1956
87,135,1975
88,135,1905
89,135,1948
90,135,1949
91,135,1949
92,135,1952
93,135,1994
94,135,1994
95,135,2016
80,136,2010
81,136,2010
82,136,2010
83,136,2010
84,136,1998
85,136,1989
86,136,1899
87,136,1939
88,136,1902
89,136,1947
90,136,1948
91,136,1948
92,136,1949
93,136,1968
94,136,1990
97,136,2015
82,137,2010
83,137,2010
84,137,2010
85,137,1989
86,137,1964
87,137,1969
88,137,1947
89,137,1950
90,137,1906
91,137,1948
92,137,1949
93,137,1968
94,137,1999
95,137,1967
96,137,2010
97,137,2016
82,138,2010
83,138,2010
84,138,2010
85,138,1989
86,138,1964
87,138,1969
88,138,1898
89,138,1911
90,138,1905
91,138,1949
92,138,1948
93,138,1950
94,138,1973
95,138,2000
96,138,2016
83,139,2010
84,139,2010
85,139,2010
86,139,1969
87,139,1969
88,139,1953
89,139,1908
90,139,1947
91,139,1948
92,139,1949
93,139,1950
94,139,1957
95,139,1967
96,139,2020
97,139,2017
98,139,1995
83,140,2010
84,140,2010
85,140,2010
86,140,1969
87,140,1972
88,140,1907
89,140,1952
90,140,1907
91,140,1918
92,140,1949
93,140,1950
94,140,1949
95,140,1996
96,140,2010
98,140,1995
83,141,2010
84,141,2010
85,141,2010
86,141,1986
87,141,1972
88,141,1975
89,141,1973
90,141,1911
91,141,1949
92,141,1947
93,141,1949
94,141,1957
95,141,1998
96,141,2002
97,141,1994
98,141,1981
99,141,2017
100,141,2008
84,142,2010
85,142,2010
86,142,1989
87,142,1975
88,142,1978
89,142,1973
90,142,1898
91,142,1938
92,142,1912
93,142,1949
94,142,1949
95,142,1970
96,142,1994
98,142,1970
99,142,1996
100,142,1975
84,143,2010
85,143,2010
86,143,2009
87,143,1987
88,143,1985
89,143,1986
90,143,1935
91,143,1913
92,143,1935
93,143,1949
94,143,1949
95,143,1950
96,143,2008
97,143,1980
98,143,1970
99,143,1994
100,143,1981
101,143,2020
85,144,2010
86,144,2010
87,144,1985
88,144,1983
89,144,1983
90,144,1900
91,144,1950
92,144,1951
93,144,1948
94,144,1949
95,144,1949
96,144,1949
97,144,2003
98,144,1967
99,144,1973
100,144,1967
101,144,1996
86,145,2010
87,145,1990
88,145,1990
89,145,1986
90,145,1969
91,145,1963
92,145,1940
93,145,1949
94,145,1946
95,145,1949
96,145,1952
97,145,1972
98,145,1967
99,145,1973
100,145,1967
101,145,1996
87,146,2010
88,146,1990
89,146,2003
90,146,1973
91,146,1954
92,146,1896
93,146,1940
94,146,1949
95,146,1949
96,146,1949
97,146,1950
98,146,1956
99,146,1967
100,146,1966
101,146,1981
89,147,2010
90,147,1993
91,147,1968
92,147,1937
93,147,1953
94,147,1949
95,147,1949
96,147,1950
97,147,1972
98,147,1956
99,147,1954
100,147,1967
101,147,1973
102,147,2021
90,148,1999
91,148,1995
92,148,1953
93,148,1959
94,148,1950
95,148,1950
96,148,1950
97,148,1951
98,148,1951
99,148,1967
100,148,1958
101,148,1973
102,148,2001
103,148,2022
92,149,2023
93,149,1979
94,149,1951
95,149,1950
96,149,1954
97,149,1954
98,149,1954
99,149,1956
100,149,1960
101,149,1973
102,149,1967
103,149,2001
104,149,1997
92,150,1979
93,150,1979
94,150,1954
95,150,1955
96,150,1954
97,150,1965
98,150,1954
99,150,1956
100,150,1954
101,150,1973
102,150,1967
103,150,1985
104,150,1997
105,150,2024
93,151,1987
94,151,1955
95,151,1955
96,151,1954
97,151,1956
98,151,1954
99,151,1956
100,151,1957
101,151,1973
102,151,1967
103,151,1981
104,151,1975
105,151,2001
94,152,1955
95,152,1967
96,152,1956
97,152,1954
98,152,1954
99,152,1956
100,152,1956
101,152,1992
102,152,1966
103,152,1971
104,152,1975
105,152,1985
106,152,1997
94,153,1983
96,153,1956
97,153,1954
98,153,1954
99,153,1956
100,153,1957
101,153,1970
102,153,1967
103,153,1965
104,153,1969
105,153,1981
106,153,1985
107,153,2008
96,154,1966
97,154,1967
98,154,1954
99,154,1954
100,154,1954
101,154,1958
102,154,1963
103,154,1971
104,154,1969
105,154,2001
106,154,1984
107,154,1989
96,155,1978
98,155,1954
99,155,1954
100,155,1954
101,155,1955
102,155,1967
103,155,1971
104,155,1969
105,155,1970
106,155,1984
107,155,1981
108,155,2009
98,156,1955
99,156,1954
100,156,1955
101,156,1965
102,156,1989
103,156,1971
104,156,1985
105,156,1970
106,156,2001
108,156,1986
98,157,1981
99,157,1981
100,157,1964
101,157,1970
102,157,1973
103,157,1971
104,157,1970
105,157,1971
106,157,1974
107,157,1995
108,157,1984
109,157,1982
110,157,1995
98,158,1980
99,158,1987
100,158,1971
101,158,1982
102,158,1985
104,158,1985
105,158,1992
106,158,2006
107,158,2004
108,158,2001
100,159,1980
101,159,1989
104,159,2003
106,159,1994
107,159,2000
108,159,1995
109,159,1995
110,159,1995
106,160,2006
107,160,2000
108,160,2010
110,160,2001
103,161,2022
104,161,2010
105,161,2007
106,161,2008
108,161,1996
109,161,2004
110,161,1995
111,161,1995
105,162,2004
106,162,2023
108,162,2006
103,163,2014
104,163,2004
105,163,2004
106,163,2010
107,163,2007
108,163,2008
110,163,1996
111,163,2004
107,164,2013
108,164,2023
105,165,2010
106,165,2004
107,165,2004
108,165,2010
109,165,2007
110,165,2024
112,165,1996
113,165,2004
109,166,2004
110,166,2023
107,167,2010
108,167,2004
109,167,2004
110,167,2010
111,167,2007
109,168,2013
111,168,2004
108,169,2010
109,169,2010
110,169,2004
111,169,2004
112,169,2010
113,169,2007
110,170,2021
111,170,2010
112,170,2004
113,170,2004
114,170,2015
110,171,2004
111,171,2010
112,171,2004
113,171,2004
114,171,2010
115,171,2022
112,172,2004
113,172,2010
114,172,2004
115,172,2004
112,173,2004
113,173,2010
114,173,2004
115,173,2004
114,174,2004
115,174,2010
116,174,2004
114,175,2004
115,175,2010
116,175,2004
116,176,2004
117,176,2010
118,176,2006
116,177,2004
117,177,2010
,,
